id,main,Q1,Q1A,Q1B,Q1C,Q1D,A1,Q2,Q2A,Q2B,Q2C,Q2D,A2,japanese
1,"Hard work is important if we want to achieve our goals. Many successful people did not succeed immediately. They worked hard for a long time before reaching their dreams. Hard work helps us learn new skills and gain experience. Sometimes, we may fail, but failure teaches us important lessons. Some people believe talent is the most important thing, but even talented people need to work hard. If we keep trying and never give up, we can improve and get closer to our dreams.",What is this passage about?,A. The value of hard work.,B. How to relax more.,C. The best way to become rich.,D. The history of talent.,A. The value of hard work.,What can failure teach us?,A. How to avoid hard work.,B. Important lessons.,C. How to relax.,D. How to become rich.,B. Important lessons.,目標を達成するためには努力が重要です。多くの成功した人々はすぐには成功しませんでした。彼らは夢を達成する前に長い間努力してきました。努力は新しいスキルを学び，経験を積む手助けをします。時には失敗することもありますが，失敗は大切な教訓を教えてくれます。才能が最も重要だと信じる人もいますが，才能がある人でも努力は必要です。もし私たちが努力し続け，決して諦めなければ，改善し，夢に近づくことができるのです。
2,"Friends make our lives happier and more meaningful. A good friend supports us when we are sad and celebrates with us when we are happy. Friendship also teaches us kindness and trust. Some friendships last for many years, while others are short, but all friendships are valuable. However, good friendships need effort. We should listen to our friends and help them when they need us. If we take care of our friendships, they can bring us joy for a lifetime.",What is this passage about?,A. The importance of friendship.,B. The history of school.,C. The best way to become famous.,D. Why studying alone is best.,A. The importance of friendship.,What does the passage say about friendship?,A. It is not important in life.,B. Friendships never need effort.,C. We should support and listen to our friends.,D. Only childhood friendships are valuable.,C. We should support and listen to our friends.,友だちは私たちの人生をより幸せで意味のあるものにしてくれます。良い友だちは、私たちが悲しいときに支えてくれ，うれしいときには祝ってくれます。友情はまた思いやりや信頼を教えてくれます。長く続く友情もあれば，短い友情もありますが、すべての友情は大切です。しかし，良い友情には努力が必要です。私たちは友だちの話をよく聞き，助けが必要なときには手を差し伸べるべきです。友情を大切にすれば，それは一生の喜びをもたらしてくれるでしょう。
3,"The environment is very important for all living things. However, pollution and climate change are big problems today. People throw away too much plastic, and many forests are cut down. These actions harm animals and nature. To protect the environment, we should recycle, save energy, and use less plastic. Even small actions like turning off lights and using reusable bags can help. If we all work together, we can make the world a cleaner and safer place for future generations.",What is this passage about?,A. The importance of sports.,B. Saving the environment.,C. How to travel the world,D. The history of electricity.,B. Saving the environment.,What does the passage suggest for helping the environment?,A. Using more plastic.,B. Cutting down more trees.,C. Recycling and saving energy.,D. Throwing trash in rivers.,C. Recycling and saving energy.,環境はすべての生き物にとってとても重要です。しかし、今日では汚染や気候変動が大きな問題となっています。人々はプラスチックを捨てすぎ、たくさんの森林が伐採されています。これらの行動は動物や自然に害を与えます。環境を守るために、私たちはリサイクルを行い、エネルギーを節約し、プラスチックの使用を減らすべきです。電気を消すことや、再利用可能な袋を使うことのような小さな行動でも助けになります。もし私たち全員が協力すれば、将来の世代のために世界をより清潔で安全な場所にすることができます。
4,"Music has the power to change our emotions. Happy songs can make us feel energetic, while slow and soft music helps us relax. Some people listen to music when they study because it improves their focus. Others use music to express their feelings. Playing an instrument or singing can be a great way to relieve stress. Music is also important in celebrations and ceremonies. No matter what kind of music we like, it makes our lives richer and more enjoyable.",What is this passage about?,A. The best way to study.,B. How music affects our feelings.,C. The history of musical instruments.,D. Why people should learn music.,B. How music affects our feelings.,What does the passage say about music?,A. It has no effect on emotions.,B. It helps people relax and focus.,C. Only playing an instrument is enjoyable.,D. Music is not used in celebrations.,B. It helps people relax and focus.,音楽には私たちの感情を変える力があります。楽しい曲は私たちを元気にし、ゆっくりとした柔らかい音楽はリラックスさせてくれます。勉強するときに音楽を聴く人もいますが、それは集中力を高めてくれるからです。ほかの人は、自分の気持ちを表すために音楽を使います。楽器を演奏したり歌ったりすることは、ストレスを和らげる素晴らしい方法にもなります。音楽はお祝いの場や儀式においても大切です。私たちがどんな種類の音楽を好んでも、それは私たちの生活をより豊かで楽しいものにしてくれます。
5,"Cooking is not just about making food; it is an important life skill. When people learn to cook, they can prepare healthy meals and save money instead of eating out. Cooking also helps develop creativity, as people try new ingredients and recipes. Some families cook together, making it a fun and educational activity. Additionally, knowing how to cook allows people to make food that suits their tastes and dietary needs. Cooking is a skill that benefits people throughout their lives.",What is this passage about?,A. Cooking as a life skill.,B. The history of cooking.,C. Why eating out is bad.,D. How to become a professional chef.,A. Cooking as a life skill.,"According to the passage, what is one benefit of cooking?",A. It helps people save money.,B. It is only for professional chefs.,C. It is not useful in daily life.,D. It makes food less enjoyable.,A. It helps people save money.,料理はただ食べ物を作ることではなく，重要な生活スキルです。料理を学ぶと，外食をする代わりに健康的な食事を作り，お金を節約することができます。また，料理は新しい食材やレシピに挑戦することで創造性を育てます。家族で一緒に料理をする家庭もあり，それは楽しく学びのある活動になります。さらに，料理の方法を知っていると，自分の好みや食事の制限に合った料理を作ることができます。料理は一生を通じて人々に役立つスキルなのです。
6,"Walking is one of the easiest ways to stay healthy. It strengthens the heart, muscles, and bones. Walking outside also helps reduce stress and improve mood. Many people walk to school or work, which helps them stay active. Even short walks during the day can have positive effects on the body. Walking in nature is especially relaxing. Unlike other exercises, walking does not require special equipment. Anyone can do it, making it a simple yet effective way to stay fit.",What is this passage about?,A. The benefits of walking.,B. The dangers of exercise.,C. Why running is better than walking.,D. The history of transportation.,A. The benefits of walking.,What does the passage say about walking?,A. It requires special equipment.,B. It helps reduce stress and improve mood.,C. People should only walk indoors.,D. Walking is a difficult exercise.,B. It helps reduce stress and improve mood.,歩くことは、健康を保つための最も手軽な方法のひとつです。心臓、筋肉、骨を強くしてくれます。外を歩くことはストレスを減らし、気分を改善する効果もあります。多くの人が学校や職場まで歩いており、それが活動的でいることにつながっています。日中の短い散歩でも、体に良い影響があります。自然の中を歩くと、特にリラックスできます。他の運動と違い、歩くために特別な道具は必要ありません。誰でもできるため、シンプルでありながら効果的なフィットネス方法です。
7,"The night sky is full of wonders. The moon changes shape every night, and stars shine brightly. Sometimes, people can see shooting stars or even planets with a telescope. For thousands of years, humans have studied the stars and created stories about them. Watching the night sky can be relaxing and make people feel curious about the universe. Whether in a city or the countryside, looking up at the stars reminds us of how big and beautiful the world is.",What is this passage about?,A. Why stars are not important.,B. The history of space travel.,C. The beauty of the night sky.,D. How to become an astronaut.,C. The beauty of the night sky.,What does the passage say about watching the night sky?,A. It can be relaxing and inspiring.,B. It is only for scientists.,C. People should not look at the stars.,D. The night sky is not interesting.,A. It can be relaxing and inspiring.,夜空は不思議なもので満ちています。月は毎晩形を変え、星は明るく輝きます。時には流れ星を見たり、望遠鏡を使って惑星を見ることもできます。何千年もの間、人類は星を研究し、それについての物語を作ってきました。夜空を眺めることは心を落ち着かせ、宇宙への好奇心をかき立ててくれます。都市でも田舎でも、星を見上げることで、世界がどれほど大きく美しいかを思い出させてくれます。
8,"Mistakes are a natural part of life, and they help us grow. When people fail, they have a chance to think about what went wrong, make changes, and try again. Many successful people, like inventors, athletes, and scientists, have failed many times before reaching their goals. Each mistake teaches them something new and helps them improve. Instead of feeling bad about mistakes, we should see them as learning opportunities. Making mistakes is not a sign of weakness; it is a step toward success and a way to become stronger.",What is this passage about?,A. The importance of learning from mistakes,B. Why people should avoid failure,C. The history of success,D. How to become famous,A. The importance of learning from mistakes,"According to the passage, what should people do when they make mistakes?",A. Feel bad about them,B. Learn from them and improve,C. Give up on their goals,D. Avoid trying new things,B. Learn from them and improve,失敗は人生の自然な一部であり、私たちが成長するのを助けてくれます。人は失敗したとき、何が悪かったのかを考え、改善し、もう一度挑戦する機会を得ます。発明家、アスリート、科学者など、多くの成功した人々は、目標を達成する前に何度も失敗しています。それぞれの失敗は彼らに新しいことを教え、向上するのを助けてくれます。失敗について落ち込むのではなく、それを学ぶ機会として捉えるべきです。失敗することは弱さの表れではなく、成功への一歩であり、より強くなるための方法なのです。
9,"Laughter is a simple but powerful tool for happiness. When we laugh, our body releases chemicals that reduce stress, help us stay healthy, and improve our mood. Scientists say that people who laugh often feel happier and may live longer. Laughing with friends makes relationships stronger, and watching funny movies or telling jokes is a great way to relax. Even when life is hard, a little laughter can make us feel better and help us keep going. A good sense of humor makes life more enjoyable and brings people closer together.",What is this passage about?,A. The benefits of laughter.,B. The history of comedy.,C. Why people should be serious.,D. How to become a comedian.,A. The benefits of laughter.,What is one effect of laughter?,A. It increases stress.,B. It improves mood and health.,C. It makes people live shorter lives.,D. Only jokes can make people laugh.,B. It improves mood and health.,笑いは、シンプルですが幸福のための強力なツールです。私たちが笑うとき、体はストレスを減らし、健康を保ち、気分を向上させる化学物質を放出します。科学者たちは、よく笑う人はより幸せを感じ、長生きする可能性があると言っています。友達と一緒に笑うことは人間関係をより強固にし、面白い映画を見たり冗談を言ったりすることはリラックスするための素晴らしい方法です。人生が困難な時でさえ、少しの笑いが私たちの気分を良くし、前進し続けるのを助けてくれます。良いユーモアのセンスは人生をより楽しいものにし、人々をより身近な存在にしてくれます。
10,"Eating vegetables is very important for our health. Vegetables have many vitamins that help our body stay strong. People who eat a lot of vegetables have more energy and do not get sick easily. However, some people do not like vegetables because of their taste. To eat more vegetables, we can try different ways of cooking them. For example, mixing vegetables with meat or making a soup can make them taste better. Eating vegetables every day is a good habit. It helps us stay healthy and feel good.",What is this passage about?,A. The importance of vegetables.,B. The best way to cook meat.,C. How to avoid getting sick.,D. The dangers of eating too much.,A. The importance of vegetables.,What does the passage suggest about eating vegetables?,A. It is bad for health.,B. People should not eat them every day.,C. Cooking them in different ways can help.,D. Only children need to eat vegetables.,C. Cooking them in different ways can help.,野菜を食べることは私たちの健康にとって非常に重要です。野菜には、体を強く保つのに役立つビタミンがたくさん含まれています。野菜をたくさん食べる人はよりエネルギーがあり、簡単には病気になりません。しかし、その味が理由で野菜が好きではない人もいます。より多くの野菜を食べるために、さまざまな調理方法を試すことができます。例えば、野菜を肉と混ぜたりスープにしたりすることで、より美味しくすることができます。毎日野菜を食べることは良い習慣です。それは私たちが健康を保ち、気分良く過ごすのに役立ちます。
11,"Being on time is an important habit that benefits both ourselves and others. It shows respect, responsibility, and good time management skills. People who are always late may miss important events, lose opportunities, or cause inconvenience to others. To be punctual, planning ahead, setting reminders, and preparing in advance can be helpful. Those who are on time often feel less stressed, stay more organized, and earn a better reputation. Whether at school, work, or social gatherings, being punctual helps build trust and leads to greater success in life.",What is this passage about?,A. Why being on time matters.,B. The history of clocks.,C. How to sleep longer.,D. Why people should be late.,A. Why being on time matters.,"According to the passage, why is being on time important?",A. It helps build trust and success.,B. It makes life more stressful.,C. It is not necessary for school.,D. Only adults need to be on time.,A. It helps build trust and success.,時間を守ることは、自分自身と他者の両方に利益をもたらす重要な習慣です。それは、敬意、責任感、そして優れた時間管理スキルを示します。いつも遅刻する人は、重要な出来事を逃したり、機会を失ったり、他人に迷惑をかけたりする可能性があります。時間を守るためには、事前に計画を立て、リマインダーを設定し、前もって準備することが役立ちます。時間を守る人は、ストレスをあまり感じず、より整理された状態を保ち、より良い評判を得ることがよくあります。学校でも、職場でも、社交の場でも、時間を守ることは信頼を築くのに役立ち、人生におけるより大きな成功につながります。
12,"Reading books opens the door to new worlds. Through stories, we can visit faraway places and meet people from different times. Reading also helps us learn new words and think more deeply. Students who read often usually write better, too. Some people say they have no time to read, but even ten minutes a day can make a difference. Choosing a book you enjoy is the key. When reading becomes a habit, it stays with us for life and keeps our minds active.",What is this passage about?,A. How to write a novel.,B. The value of reading books.,C. The history of libraries.,D. Why stories are not true.,B. The value of reading books.,What does the passage say about time for reading?,A. People need at least two hours a day.,B. Reading is only for weekends.,C. Even ten minutes a day can help.,D. Busy people should not read.,C. Even ten minutes a day can help.,本を読むことは、新しい世界への扉を開きます。物語を通して、私たちは遠く離れた場所を訪れたり、異なる時代の人々に出会ったりすることができます。また、読書は新しい言葉を学び、より深く考える助けにもなります。よく本を読む生徒は、たいてい文章を書くのも上手です。読書をする時間がないと言う人もいますが、1日10分でも違いを生むことができます。自分が楽しめる本を選ぶことが鍵です。読書が習慣になれば、それは一生続き、私たちの頭を活発に保ってくれます。
13,"Getting enough sleep is just as important as eating well. While we sleep, our body repairs itself and our brain organizes what we learned during the day. Teenagers need about eight to ten hours of sleep each night. Without it, they may feel tired, lose focus in class, and become easily upset. Using a phone late at night can make it harder to fall asleep. Going to bed at the same time every day helps our body build a healthy rhythm.",What is this passage about?,A. Why teenagers love phones.,B. The best food for dinner.,C. How dreams are made.,D. The importance of sleep.,D. The importance of sleep.,What can make it harder to fall asleep?,A. Going to bed at the same time.,B. Using a phone late at night.,C. Eating well.,D. Learning during the day.,B. Using a phone late at night.,十分な睡眠をとることは、しっかり食べることと同じくらい重要です。眠っている間に、体は自らを修復し、脳はその日に学んだことを整理します。10代の若者には、毎晩およそ8～10時間の睡眠が必要です。睡眠が足りないと、疲れを感じたり、授業に集中できなくなったり、すぐにいらいらしたりすることがあります。夜遅くにスマートフォンを使うと、寝つきが悪くなることがあります。毎日同じ時間に寝ることで、体は健康的なリズムを作ることができます。
14,"Smartphones have changed the way we live. With one small device, we can call friends, take pictures, check the news, and find information in seconds. They are very useful, especially when we travel or need help quickly. However, spending too much time on smartphones can cause problems. Some people stop talking to the people around them, and others have trouble sleeping. It is important to decide when to use our phones and when to put them away. Smartphones are helpful tools, but we should control them, not let them control us.",What is this passage about?,A. The history of the telephone.,B. How to take good pictures.,C. Using smartphones wisely.,D. Why traveling is dangerous.,C. Using smartphones wisely.,What problem can smartphones cause?,A. They make information hard to find.,B. People may stop talking to others around them.,C. They make travel impossible.,D. They cannot take pictures.,B. People may stop talking to others around them.,スマートフォンは私たちの生活の仕方を変えました。小さな機器ひとつで、友だちに電話をかけたり、写真を撮ったり、ニュースを確認したり、数秒で情報を見つけたりすることができます。特に旅行中やすぐに助けが必要なときには、とても役に立ちます。しかし、スマートフォンに時間を使いすぎると、問題が起こることがあります。周りの人と話をしなくなる人もいれば、眠れなくなる人もいます。いつスマートフォンを使い、いつしまうかを決めることが大切です。スマートフォンは便利な道具ですが、私たちがスマートフォンをコントロールすべきであり、スマートフォンに振り回されてはいけないのです。
15,"Learning a foreign language can be difficult, but it is also exciting. When we learn a new language, we can talk with people from other countries and understand their cultures. It also gives us more chances to find good jobs in the future. Many learners feel shy about speaking because they are afraid of making mistakes. However, speaking is the fastest way to improve. Watching movies, listening to songs, and chatting online are fun ways to practice. Little by little, a new language can open many doors.",What is this passage about?,A. The benefits of learning a foreign language.,B. How to find a job.,C. The history of movies.,D. Why mistakes are dangerous.,A. The benefits of learning a foreign language.,"According to the passage, what is the fastest way to improve?",A. Reading grammar books.,B. Staying silent.,C. Speaking.,D. Writing letters.,C. Speaking.,外国語を学ぶことは難しいこともありますが、わくわくすることでもあります。新しい言語を学ぶと、他の国の人々と話し、その文化を理解することができます。また、将来良い仕事を見つけるチャンスも増えます。多くの学習者は、間違えることを恐れて、話すことに恥ずかしさを感じます。しかし、話すことが上達への一番の近道です。映画を観たり、歌を聴いたり、オンラインでおしゃべりしたりすることは、楽しい練習方法です。少しずつ、新しい言語は多くの扉を開いてくれるのです。
16,"Volunteering means helping others without getting paid. People volunteer in many ways, such as cleaning parks, teaching children, or visiting elderly people. Volunteering is good for the community, but it is also good for the volunteers themselves. They meet new people, learn new skills, and feel proud of their work. Some students say volunteering helped them discover what they want to do in the future. You do not need special talents to volunteer. A kind heart and a little time are enough to make a difference.",What is this passage about?,A. How to earn money.,B. The joy and value of volunteering.,C. Why parks are dirty.,D. The life of elderly people.,B. The joy and value of volunteering.,What do you need to volunteer?,A. Special talents.,B. A lot of money.,C. A kind heart and a little time.,D. A teaching license.,C. A kind heart and a little time.,ボランティアとは、報酬を受け取らずに他の人を助けることです。人々は、公園の清掃、子どもたちに勉強を教えること、お年寄りを訪問することなど、さまざまな方法でボランティア活動をしています。ボランティアは地域社会にとって良いことですが、ボランティアをする人自身にとっても良いことです。新しい人と出会い、新しいスキルを学び、自分の活動に誇りを感じることができます。ボランティアのおかげで、将来何をしたいのかが見つかったと言う生徒もいます。ボランティアをするのに特別な才能は必要ありません。優しい心と少しの時間があれば、変化を生み出すのに十分なのです。
17,"Having a pet can bring a lot of joy to a family. Dogs, cats, and other animals give us love and make our homes warmer. Playing with a pet can also reduce stress after a long day. However, taking care of a pet is a big responsibility. Pets need food, water, exercise, and visits to the doctor. Some people buy pets without thinking carefully and later give them up. Before getting a pet, we should make sure we can care for it for its whole life.",What is this passage about?,A. Why cats are better than dogs.,B. How to become an animal doctor.,C. The history of zoos.,D. The joy and responsibility of having a pet.,D. The joy and responsibility of having a pet.,What should people do before getting a pet?,A. Make sure they can care for it for its whole life.,B. Buy many toys.,C. Ask a doctor about their stress.,D. Choose the cheapest animal.,A. Make sure they can care for it for its whole life.,ペットを飼うことは、家族に大きな喜びをもたらします。犬や猫、その他の動物は私たちに愛情を与え、家庭をより温かくしてくれます。また、ペットと遊ぶことで、長い1日の後のストレスを減らすこともできます。しかし、ペットの世話をすることは大きな責任です。ペットには食べ物、水、運動、そして動物病院での診察が必要です。よく考えずにペットを買い、後で手放してしまう人もいます。ペットを飼う前に、その一生を通して世話ができるかどうかを確かめるべきです。
18,"Gardening is a relaxing hobby that anyone can start. You do not need a large yard; a few pots on a balcony are enough. Growing plants teaches patience because it takes time for seeds to become flowers or vegetables. It also helps us understand how nature works. Many gardeners say that touching soil and watching plants grow makes them feel calm. In addition, growing your own vegetables means you can enjoy fresh and safe food. Gardening is a small activity that brings big rewards.",What is this passage about?,A. Gardening as a rewarding hobby.,B. How to build a large yard.,C. The dangers of soil.,D. Why flowers are expensive.,A. Gardening as a rewarding hobby.,What does growing plants teach us?,A. How to sell vegetables.,B. Patience.,C. How to build a balcony.,D. Speed.,B. Patience.,ガーデニングは、誰でも始められるリラックスできる趣味です。広い庭は必要なく、ベランダにいくつかの鉢があれば十分です。種が花や野菜になるには時間がかかるので、植物を育てることは忍耐を教えてくれます。また、自然の仕組みを理解する助けにもなります。多くのガーデニング愛好家は、土に触れ、植物が育つのを見ていると心が落ち着くと言います。さらに、自分で野菜を育てれば、新鮮で安全な食べ物を楽しむことができます。ガーデニングは小さな活動ですが、大きな見返りをもたらしてくれるのです。
19,"Traveling is one of the best ways to learn about the world. When we visit new places, we see different buildings, taste new foods, and hear new languages. These experiences help us understand that there are many ways of living. Travel can also teach us to solve problems, such as finding our way in an unknown city. Some people think travel must be expensive, but even a short trip to a nearby town can be exciting. What matters most is an open mind and a curious heart.",What is this passage about?,A. How to save money on food.,B. The history of airplanes.,C. What we can learn from traveling.,D. Why cities are dangerous.,C. What we can learn from traveling.,"According to the passage, what matters most in travel?",A. Going to faraway countries.,B. Spending a lot of money.,C. Staying in expensive hotels.,D. An open mind and a curious heart.,D. An open mind and a curious heart.,旅行は、世界について学ぶための最良の方法のひとつです。新しい場所を訪れると、異なる建物を目にし、新しい食べ物を味わい、新しい言語を耳にします。こうした経験は、さまざまな生き方があることを理解する助けになります。また、旅は、知らない街で道を探すといった問題を解決する力も教えてくれます。旅行はお金がかかるものだと考える人もいますが、近くの町への短い旅でもわくわくするものです。最も大切なのは、開かれた心と好奇心なのです。
20,"Many people skip breakfast because they are busy in the morning. However, breakfast is often called the most important meal of the day. After a long night without food, our body and brain need energy to start working. Students who eat breakfast can concentrate better in class and remember more. A good breakfast does not have to be large or take a long time to make. A bowl of rice with miso soup, or bread with fruit and milk, is a great choice. Starting the day with breakfast helps us stay active until lunch.",What is this passage about?,A. Why people are busy.,B. The importance of eating breakfast.,C. How to cook a large lunch.,D. The history of miso soup.,B. The importance of eating breakfast.,What does the passage say about a good breakfast?,A. It must be very large.,B. It takes a long time to make.,C. It does not have to be large.,D. It should only be bread.,C. It does not have to be large.,朝は忙しいため、朝食を抜く人がたくさんいます。しかし、朝食はしばしば1日で最も大切な食事と呼ばれます。食べ物のない長い夜の後、体と脳は活動を始めるためのエネルギーを必要としています。朝食を食べる生徒は、授業により集中でき、より多くのことを覚えることができます。良い朝食は、量が多い必要も、作るのに長い時間をかける必要もありません。ご飯とみそ汁、あるいはパンと果物と牛乳だけでも、すばらしい選択です。朝食で1日を始めると、昼食まで活動的でいることができるのです。
21,"Water is essential for life. About sixty percent of the human body is made of water, and we lose some of it every day through sweat and breathing. If we do not drink enough, we may feel tired, get headaches, or have trouble thinking clearly. Many people drink sweet juice or soda when they are thirsty, but plain water is the healthiest choice. It is a good idea to carry a water bottle, especially on hot days or during sports. Drinking water regularly keeps our body working well.",What is this passage about?,A. Why we need to drink water.,B. How to make juice.,C. The dangers of sports.,D. Why hot days are fun.,A. Why we need to drink water.,What is the healthiest drink according to the passage?,A. Sweet juice.,B. Soda.,C. Sports drinks.,D. Plain water.,D. Plain water.,水は生命にとって欠かせないものです。人間の体の約60パーセントは水でできており、私たちは汗や呼吸を通して毎日その一部を失っています。十分に水を飲まないと、疲れを感じたり、頭が痛くなったり、はっきりと考えられなくなったりすることがあります。のどが渇いたときに甘いジュースや炭酸飲料を飲む人は多いですが、ただの水が最も健康的な選択です。特に暑い日やスポーツをするときは、水筒を持ち歩くのが良いでしょう。定期的に水を飲むことで、体がきちんと働き続けるのです。
22,"Libraries are special places in every community. They offer thousands of books that anyone can borrow for free. But libraries are not only about books. Many of them also have computers, newspapers, movies, and quiet rooms for studying. Some libraries hold events such as storytelling for children or classes for adults. Librarians are always ready to help people find the information they need. In a world full of online information, libraries are still important because they give everyone equal access to knowledge.",What is this passage about?,A. How to write a book.,B. The history of newspapers.,C. The value of libraries.,D. Why online information is bad.,C. The value of libraries.,Why are libraries still important today?,A. They sell books at low prices.,B. They give everyone equal access to knowledge.,C. They are always noisy.,D. They only have old books.,B. They give everyone equal access to knowledge.,図書館は、どの地域にとっても特別な場所です。図書館には、誰でも無料で借りられる何千冊もの本があります。しかし、図書館は本だけの場所ではありません。多くの図書館にはパソコン、新聞、映画、そして勉強のための静かな部屋もあります。子ども向けの読み聞かせや大人向けの講座などのイベントを開いている図書館もあります。司書は、人々が必要な情報を見つけるのをいつでも手伝ってくれます。インターネット上の情報があふれる世界においても、図書館は、すべての人に平等に知識を得る機会を与えてくれるため、今でも重要なのです。
23,"Playing team sports teaches us many things that we cannot learn from books. In games like soccer, basketball, or volleyball, players must work together to win. Each member has a different role, and everyone needs to trust one another. Team sports also teach us how to deal with losing. After a hard defeat, players learn to support each other and try again. Communication is very important, too. These lessons are useful not only in sports but also at school, at work, and in daily life.",What is this passage about?,A. How to win every game.,B. Lessons we learn from team sports.,C. The rules of soccer.,D. Why books are useless.,B. Lessons we learn from team sports.,What do players learn after a hard defeat?,A. To quit the team.,B. To blame other players.,C. To support each other and try again.,D. To stop communicating.,C. To support each other and try again.,チームスポーツをすることで、本からは学べない多くのことを学ぶことができます。サッカー、バスケットボール、バレーボールのような競技では、勝つために選手たちが協力しなければなりません。メンバーそれぞれに異なる役割があり、全員が互いを信頼する必要があります。チームスポーツは、負けたときにどう向き合うかも教えてくれます。つらい敗北の後、選手たちは互いに支え合い、再び挑戦することを学びます。コミュニケーションもとても大切です。これらの教訓は、スポーツだけでなく、学校や職場、そして日常生活においても役に立つのです。
24,"Drawing is a wonderful way to express ourselves. Some people think only talented artists can draw, but that is not true. Anyone can pick up a pencil and start. Drawing helps us look at the world more carefully, because we notice shapes, colors, and small details. It can also be a way to share feelings that are hard to put into words. Many people find that drawing for just a few minutes calms their mind. The goal is not to make a perfect picture but to enjoy the process.",What is this passage about?,A. How to sell paintings.,B. The history of pencils.,C. Why only artists should draw.,D. The joy of drawing.,D. The joy of drawing.,What is the goal of drawing according to the passage?,A. To enjoy the process.,B. To make a perfect picture.,C. To become famous.,D. To win contests.,A. To enjoy the process.,絵を描くことは、自分を表現するすばらしい方法です。才能のある芸術家だけが絵を描けると考える人もいますが、それは正しくありません。誰でも鉛筆を手に取って始めることができます。絵を描くと、形や色、細かい部分に気づくようになるため、世界をより注意深く見る助けになります。また、言葉にするのが難しい気持ちを伝える手段にもなります。ほんの数分絵を描くだけで心が落ち着くと感じる人はたくさんいます。目標は完璧な絵を描くことではなく、その過程を楽しむことなのです。
25,"Eating meals together as a family is a simple but valuable habit. At the dinner table, family members can talk about their day, share their worries, and laugh together. Studies show that children who often eat with their families tend to do better at school and feel more secure. These days, many families are busy, and each person often eats at a different time. Even so, having a meal together once or twice a week can make a big difference. Good food tastes even better when shared.",What is this passage about?,A. The value of family meals.,B. How to cook dinner quickly.,C. Why children are busy.,D. The best restaurants in town.,A. The value of family meals.,What do studies show about children who often eat with their families?,A. They eat too much.,B. They tend to do better at school.,C. They do not like talking.,D. They are always busy.,B. They tend to do better at school.,家族そろって食事をすることは、シンプルですが価値のある習慣です。食卓では、家族がその日の出来事を話したり、悩みを打ち明けたり、一緒に笑ったりすることができます。研究によると、家族とよく一緒に食事をする子どもは、学校での成績が良く、より安心感を持つ傾向があります。最近では多くの家庭が忙しく、それぞれが別々の時間に食事をすることがよくあります。それでも、週に1、2回一緒に食事をするだけで、大きな違いが生まれます。おいしい料理は、分かち合うことでさらにおいしくなるのです。
26,"Keeping a diary is an easy habit that can improve our lives. By writing down what happened each day, we can remember special moments that we might otherwise forget. A diary is also a safe place to express our feelings. When we are angry or sad, writing can help us calm down and understand ourselves better. Some people write about their goals and check their progress. There are no rules for writing a diary. Even a few lines before bed can become a precious record of our lives.",What is this passage about?,A. How to become a writer.,B. The benefits of keeping a diary.,C. Why feelings are dangerous.,D. The rules of good writing.,B. The benefits of keeping a diary.,What does the passage say about writing a diary?,A. It must be long.,B. It should follow strict rules.,C. There are no rules for it.,D. It should be written in the morning.,C. There are no rules for it.,日記をつけることは、私たちの生活を豊かにできる手軽な習慣です。毎日の出来事を書き留めることで、書かなければ忘れてしまうかもしれない特別な瞬間を覚えておくことができます。日記はまた、自分の気持ちを表現できる安心な場所でもあります。怒っているときや悲しいとき、書くことは心を落ち着かせ、自分自身をより深く理解する助けになります。自分の目標について書き、その進み具合を確認する人もいます。日記の書き方に決まりはありません。寝る前の数行だけでも、人生の貴重な記録になるのです。
27,"Learning how to save money is an important skill for young people. When we get money, it is easy to spend it all on snacks, games, or clothes. However, if we save a little each time, we can buy something bigger later or prepare for an emergency. One good way to start is to set a clear goal, such as a new bike. Writing down what we spend also helps us notice where our money goes. Saving money teaches patience and helps us plan for the future.",What is this passage about?,A. How to spend money on games.,B. Why clothes are expensive.,C. The importance of saving money.,D. The history of banks.,C. The importance of saving money.,What is one good way to start saving money?,A. Spend it all at once.,B. Set a clear goal.,C. Buy more snacks.,D. Borrow money from friends.,B. Set a clear goal.,お金を貯める方法を学ぶことは、若い人たちにとって大切なスキルです。お金を手に入れると、お菓子やゲーム、服にすべて使ってしまいがちです。しかし、毎回少しずつ貯めれば、後でもっと大きなものを買ったり、緊急時に備えたりすることができます。始めるのに良い方法のひとつは、新しい自転車のようにはっきりとした目標を立てることです。使ったお金を書き留めることも、お金の行き先に気づく助けになります。お金を貯めることは忍耐を教えてくれ、将来の計画を立てる助けにもなるのです。
28,"Small acts of kindness can make a big difference. Holding the door for someone, saying thank you, or helping a classmate with homework may seem simple. However, these actions can brighten someone's day. Kindness also spreads. When people are treated kindly, they are more likely to be kind to others. Scientists have found that helping others makes the helper feel happier, too. We do not need money or special skills to be kind. All we need is to notice the people around us and care about them.",What is this passage about?,A. How to do homework.,B. Why doors are important.,C. The history of good manners.,D. The power of small acts of kindness.,D. The power of small acts of kindness.,What have scientists found about helping others?,A. It makes the helper feel happier.,B. It costs a lot of money.,C. It needs special skills.,D. It makes people tired.,A. It makes the helper feel happier.,小さな親切が大きな違いを生むことがあります。誰かのためにドアを押さえておくこと、「ありがとう」と言うこと、クラスメートの宿題を手伝うことは、簡単なことに思えるかもしれません。しかし、こうした行動は誰かの1日を明るくすることができます。親切はまた、広がっていくものです。親切にされた人は、他の人にも親切にしやすくなります。科学者たちは、他人を助けることで、助けた人自身もより幸せを感じることを発見しました。親切にするのに、お金や特別なスキルは必要ありません。必要なのは、周りの人々に気づき、気にかけることだけなのです。
29,"Museums are like time machines. When we walk through a museum, we can see tools used thousands of years ago, famous paintings, and even dinosaur bones. Seeing real objects helps us understand history and science better than just reading about them in textbooks. Many museums now have interactive displays where visitors can touch, listen, and try things for themselves. Some also offer free days for students. Visiting a museum is a fun way to learn, and each visit can spark new interests and questions.",What is this passage about?,A. How to build a time machine.,B. The value of visiting museums.,C. Why textbooks are boring.,D. The life of dinosaurs.,B. The value of visiting museums.,What do many museums now have?,A. Only old paintings.,B. No rooms for students.,C. Interactive displays.,D. Expensive tickets for everyone.,C. Interactive displays.,博物館はタイムマシンのようなものです。博物館の中を歩くと、何千年も前に使われていた道具や有名な絵画、さらには恐竜の骨まで見ることができます。本物を見ることは、教科書で読むだけよりも歴史や科学をよく理解する助けになります。現在では多くの博物館に、来館者が自分で触ったり、聞いたり、試したりできる体験型の展示があります。学生向けに無料の日を設けている博物館もあります。博物館を訪れることは楽しい学びの方法であり、訪れるたびに新しい興味や疑問が生まれるかもしれません。
30,"The ocean covers more than seventy percent of the Earth's surface, but we know surprisingly little about it. Most of the deep sea has never been explored by humans. It is dark and cold there, and the water pressure is extremely strong. Even so, scientists have found strange creatures living there, such as fish that make their own light. Special robots and submarines are now helping researchers study these areas. Some scientists believe there are still thousands of unknown species in the deep sea waiting to be discovered.",What is this passage about?,A. The mysteries of the deep sea.,B. How to catch fish.,C. Why the ocean is warm.,D. The history of submarines.,A. The mysteries of the deep sea.,What have scientists found in the deep sea?,A. Warm and bright water.,B. Many human cities.,C. Fish that make their own light.,D. No living things.,C. Fish that make their own light.,海は地球の表面の70パーセント以上を覆っていますが、私たちは海について驚くほど少ししか知りません。深海のほとんどは、人間によって探検されたことがありません。そこは暗くて冷たく、水圧は非常に強力です。それでも、科学者たちは、自分で光を出す魚など、そこに暮らす不思議な生き物を発見してきました。現在では、特別なロボットや潜水艇が、研究者たちがこうした場所を調べるのに役立っています。深海には、発見されるのを待っている未知の生物がまだ何千種もいると考える科学者もいます。
31,"Bicycles are a convenient and eco-friendly way to get around. Riding a bike does not produce any gas that pollutes the air, and it costs much less than using a car. It is also great exercise that makes our legs and heart stronger. In some countries, such as the Netherlands, there are more bicycles than people. Cities there have special roads only for bikes. When riding, however, we must follow traffic rules and wear a helmet. Safe cycling helps both people and the planet.",What is this passage about?,A. The benefits of riding bicycles.,B. How to drive a car.,C. The history of the Netherlands.,D. Why helmets are uncomfortable.,A. The benefits of riding bicycles.,What must we do when riding a bike?,A. Ride as fast as possible.,B. Ride on the sidewalk.,C. Carry heavy bags.,D. Follow traffic rules and wear a helmet.,D. Follow traffic rules and wear a helmet.,自転車は、便利で環境にやさしい移動手段です。自転車に乗っても、空気を汚すガスはまったく出ませんし、車を使うよりもずっとお金がかかりません。また、足や心臓を強くしてくれる、すばらしい運動にもなります。オランダのように、人口よりも自転車の数が多い国もあります。そこの都市には、自転車専用の道路があります。しかし、自転車に乗るときは、交通ルールを守り、ヘルメットをかぶらなければなりません。安全に自転車に乗ることは、人と地球の両方のためになるのです。
32,"Bees are small, but they play a big role in our lives. As they fly from flower to flower to collect nectar, they carry pollen. This helps plants produce fruits and seeds. In fact, about one-third of the food we eat depends on bees and other insects like them. Without bees, foods such as apples, strawberries, and almonds would become rare and expensive. Sadly, the number of bees is decreasing because of chemicals and the loss of flowers. Planting flowers in gardens is one way to help them.",What is this passage about?,A. How to make honey.,B. Why insects are dangerous.,C. The important role of bees.,D. The history of farming.,C. The important role of bees.,Why is the number of bees decreasing?,A. Because of chemicals and the loss of flowers.,B. Because people eat too many apples.,C. Because there are too many gardens.,D. Because bees do not like fruit.,A. Because of chemicals and the loss of flowers.,ミツバチは小さな生き物ですが、私たちの生活の中で大きな役割を果たしています。花の蜜を集めるために花から花へと飛び回るとき、ミツバチは花粉を運びます。これによって、植物は果物や種を作ることができます。実は、私たちが食べる食べ物の約3分の1は、ミツバチやそれに似た昆虫に頼っているのです。ミツバチがいなければ、リンゴ、イチゴ、アーモンドのような食べ物は珍しく、高価なものになってしまうでしょう。残念なことに、化学物質や花の減少のために、ミツバチの数は減ってきています。庭に花を植えることは、ミツバチを助けるひとつの方法です。
33,"Asking questions is one of the best ways to learn. Young children ask 'Why?' hundreds of times a day, and that is how they understand the world. As we grow older, however, many of us stop asking questions because we are afraid of looking foolish. This is a pity. Great discoveries often begin with a simple question, such as 'Why does an apple fall?' Teachers are usually happy when students ask questions. The next time you do not understand something, raise your hand and ask.",What is this passage about?,A. Why children are foolish.,B. The history of apples.,C. How teachers grade tests.,D. The importance of asking questions.,D. The importance of asking questions.,Why do many people stop asking questions as they grow older?,A. They know everything.,B. They are afraid of looking foolish.,C. Teachers do not allow it.,D. They are too busy.,B. They are afraid of looking foolish.,質問をすることは、学ぶための最良の方法のひとつです。幼い子どもは1日に何百回も「なぜ？」と尋ね、そうやって世界を理解していきます。しかし、成長するにつれて、多くの人はばかだと思われるのを恐れて、質問をしなくなってしまいます。これは残念なことです。偉大な発見は、「なぜリンゴは落ちるのだろう？」のような単純な疑問から始まることがよくあります。先生たちはたいてい、生徒が質問をすると喜びます。今度何かわからないことがあったら、手を挙げて質問してみましょう。
34,"Festivals are an important part of culture around the world. In Japan, summer festivals are famous for fireworks, dancing, and food stands. In other countries, people celebrate with colorful parades, music, and special meals. Many festivals have a long history and are connected to seasons, harvests, or religion. They bring people of all ages together and help communities stay close. Joining a local festival is also a good way to learn about the traditions of a place. Festivals keep old customs alive for future generations.",What is this passage about?,A. The role of festivals in culture.,B. How to make fireworks.,C. Why food stands are expensive.,D. The history of music.,A. The role of festivals in culture.,What is one good way to learn about the traditions of a place?,A. Reading about fireworks.,B. Staying at home.,C. Joining a local festival.,D. Eating special meals alone.,C. Joining a local festival.,祭りは、世界中の文化の重要な一部です。日本では、夏祭りは花火や踊り、屋台で有名です。ほかの国々では、人々は色とりどりのパレードや音楽、特別な料理でお祝いをします。多くの祭りには長い歴史があり、季節や収穫、宗教と結びついています。祭りはあらゆる年代の人々を集め、地域の人々の結びつきを保つ助けになります。地元の祭りに参加することは、その土地の伝統について学ぶ良い方法でもあります。祭りは、古い習慣を未来の世代のために守り続けているのです。
35,"In the age of email and text messages, handwritten letters have become rare. However, many people still feel special when they receive one. A handwritten letter shows that the writer spent time and effort thinking about the reader. The shape of the letters and the choice of paper also show the writer's personality. Unlike messages on a screen, letters can be kept in a box and read again many years later. Sending a thank-you card or a birthday letter by hand is a warm way to show you care.",What is this passage about?,A. How to send an email.,B. The special value of handwritten letters.,C. The history of paper.,D. Why text messages are fast.,B. The special value of handwritten letters.,What does a handwritten letter show?,A. The writer did not have a phone.,B. The writer was in a hurry.,C. The writer spent time and effort.,D. The writer likes computers.,C. The writer spent time and effort.,メールやメッセージアプリの時代において、手書きの手紙は珍しいものになりました。しかし、今でも多くの人が、手紙を受け取ると特別な気持ちになります。手書きの手紙は、書き手が読み手のことを考えて時間と労力をかけたことを示しています。文字の形や便せんの選び方にも、書き手の人柄が表れます。画面上のメッセージと違い、手紙は箱にしまっておき、何年も後に読み返すことができます。お礼のカードや誕生日の手紙を手書きで送ることは、相手を思う気持ちを伝える温かい方法なのです。
36,"Board games have been enjoyed for thousands of years. Games like chess and shogi require careful thinking and planning. Players must imagine what their opponent will do next. This helps train the brain and improve problem-solving skills. Board games are also a great way to spend time with family and friends. Unlike video games, which people often play alone, board games bring people face to face around a table. Winning is fun, but learning to lose politely is an important lesson, too.",What is this passage about?,A. Why video games are bad.,B. The history of chess.,C. The benefits of board games.,D. How to win every game.,C. The benefits of board games.,What must players imagine in games like chess and shogi?,A. What their opponent will do next.,B. How to cook dinner.,C. Where to buy the game.,D. How long the game will last.,A. What their opponent will do next.,ボードゲームは何千年もの間、楽しまれてきました。チェスや将棋のようなゲームには、注意深く考え、計画を立てることが求められます。プレーヤーは、相手が次に何をするかを想像しなければなりません。これは脳を鍛え、問題解決能力を高める助けになります。ボードゲームは、家族や友だちと時間を過ごすすばらしい方法でもあります。一人で遊ぶことが多いテレビゲームと違い、ボードゲームは人々をテーブルの周りで向かい合わせてくれます。勝つことは楽しいですが、礼儀正しく負けることを学ぶのも大切な教訓です。
37,"Taking photos is easier than ever because almost everyone has a camera on their phone. Photos help us save memories of trips, friends, and special days. But photography can be more than just pressing a button. Good photographers pay attention to light, angles, and the story behind each picture. Trying to take better photos teaches us to look closely at ordinary things, like a shadow on a wall or a cat sleeping in the sun. Sometimes, the most beautiful pictures are found in everyday life.",What is this passage about?,A. How to buy a camera.,B. The art of photography.,C. Why cats sleep in the sun.,D. The history of phones.,B. The art of photography.,"According to the passage, where are the most beautiful pictures sometimes found?",A. In expensive studios.,B. In faraway countries.,C. In famous museums.,D. In everyday life.,D. In everyday life.,ほとんど誰もがスマートフォンにカメラを持っているので、写真を撮ることはかつてないほど簡単になりました。写真は、旅行や友だち、特別な日の思い出を残す助けになります。しかし、写真はただシャッターを押すだけのものではありません。優れた写真家は、光や角度、そしてそれぞれの写真の背後にある物語に注意を払います。より良い写真を撮ろうとすると、壁に映る影や日なたで眠る猫のような、ありふれたものをよく見るようになります。最も美しい写真は、日常生活の中に見つかることもあるのです。
38,"Keeping your room clean has more benefits than you might think. A tidy room makes it easier to find things, so you do not waste time looking for your keys or homework. It can also help you focus when you study, because there are fewer things to distract you. Some people say that cleaning their room makes them feel refreshed and more positive. The trick is to clean a little every day instead of waiting until the mess becomes too big. Putting things back after using them is a good first step.",What is this passage about?,A. The benefits of keeping your room clean.,B. How to buy furniture.,C. Why homework is difficult.,D. The history of houses.,A. The benefits of keeping your room clean.,What is the trick to keeping a room clean?,A. Clean only once a year.,B. Move to a bigger room.,C. Clean a little every day.,D. Ask others to clean it.,C. Clean a little every day.,部屋をきれいに保つことには、あなたが思っている以上にたくさんの利点があります。整理された部屋では物が見つけやすいので、鍵や宿題を探して時間を無駄にすることがありません。また、気を散らすものが少なくなるので、勉強するときに集中しやすくなります。部屋を掃除するとすっきりして、前向きな気持ちになれると言う人もいます。こつは、散らかりがひどくなるまで待つのではなく、毎日少しずつ掃除することです。使った物を元の場所に戻すことが、良い第一歩になります。
39,"Older people have lived through many experiences, and their stories are a treasure. Grandparents can tell us what life was like when they were young, such as how they went to school or what games they played. These stories help us understand how much the world has changed. They also teach us lessons about hard times and how to overcome them. Unfortunately, many young people rarely talk with elderly people. Spending time listening to them can build a bridge between generations and give us wisdom that books cannot.",What is this passage about?,A. How schools have changed.,B. Why young people are busy.,C. The value of listening to older people.,D. The history of games.,C. The value of listening to older people.,What can older people's stories teach us?,A. How to play video games.,B. Lessons about hard times and how to overcome them.,C. How to write books.,D. Nothing useful.,B. Lessons about hard times and how to overcome them.,お年寄りはたくさんの経験をしてきており、その話は宝物です。祖父母は、どのように学校に通っていたか、どんな遊びをしていたかなど、若いころの生活がどのようなものだったかを話してくれます。こうした話は、世界がどれほど変わったかを理解する助けになります。また、苦しい時期のことや、それをどう乗り越えたかについての教訓も教えてくれます。残念ながら、多くの若者はお年寄りと話すことがめったにありません。彼らの話に耳を傾ける時間を持つことは、世代と世代の間に橋をかけ、本では得られない知恵を与えてくれるのです。
40,"Many people feel sad when it rains, but rainy days are important. Rain gives water to rivers, forests, and farms. Without it, plants could not grow and we would not have enough food or drinking water. Rainy days can also be enjoyable. The sound of rain is relaxing, and it is a perfect time to read a book, watch a movie, or try a new recipe at home. In Japan, the rainy season brings beautiful flowers like hydrangeas. Instead of complaining about the rain, we can find ways to enjoy it.",What is this passage about?,A. Why rain is dangerous.,B. How to make a movie.,C. The history of Japan.,D. The value and fun of rainy days.,D. The value and fun of rainy days.,Which flower does the passage mention?,A. Hydrangeas.,B. Roses.,C. Sunflowers.,D. Cherry blossoms.,A. Hydrangeas.,雨が降ると悲しい気持ちになる人は多いですが、雨の日は大切です。雨は川や森、農地に水を与えます。雨がなければ植物は育たず、私たちは十分な食べ物や飲み水を得ることができないでしょう。雨の日は楽しむこともできます。雨の音は心を落ち着かせてくれますし、家で本を読んだり、映画を観たり、新しいレシピに挑戦したりするのにぴったりの時間です。日本では、梅雨の季節にアジサイのような美しい花が咲きます。雨に文句を言うのではなく、雨を楽しむ方法を見つけることができるのです。
41,"Many students study for hours without a break, believing it is the best way to learn. However, research shows that our brain cannot stay focused for a long time. After about forty-five minutes, concentration usually starts to drop. Taking a short break of five to ten minutes can refresh the mind. During a break, it is good to stand up, stretch, or look out the window. Checking a smartphone, however, may make it harder to return to studying. Short, regular breaks help us learn more effectively.",What is this passage about?,A. Why students hate studying.,B. How to use a smartphone.,C. The importance of taking breaks while studying.,D. The history of schools.,C. The importance of taking breaks while studying.,What is a good thing to do during a break?,A. Check a smartphone for a long time.,B. Stand up and stretch.,C. Start a new subject.,D. Go to sleep for three hours.,B. Stand up and stretch.,多くの生徒は、それが最も良い学習方法だと信じて、休憩をとらずに何時間も勉強します。しかし、研究によると、私たちの脳は長い時間集中し続けることができません。およそ45分たつと、たいてい集中力は落ち始めます。5～10分の短い休憩をとると、頭をリフレッシュさせることができます。休憩中は、立ち上がったり、ストレッチをしたり、窓の外を眺めたりするのが良いでしょう。しかし、スマートフォンを見ると、勉強に戻りにくくなるかもしれません。短い休憩を定期的にとることで、より効率的に学ぶことができるのです。
